{
  "T4": [
    [
      117.67324,
      128.96511
    ],
    [
      117.67324,
      139.06837000000002
    ],
    [
      110.54153000000001,
      139.06837000000002
    ],
    [
      112.32445000000001,
      276.94812
    ],
    [
      939.00866,
      276.94812
    ],
    [
      940.19727,
      139.06837000000002
    ],
    [
      905.13303,
      139.66268000000002
    ],
    [
      905.13303,
      84.986226
    ],
    [
      540.22713,
      86.769154
    ],
    [
      540.64033,
      131.26319999999998
    ]
  ],
  "T1": [
    [
      193.42782,
      280.76503
    ],
    [
      195.23526,
      299.05420000000004
    ],
    [
      102.87574000000001,
      298.98260000000005
    ],
    [
      102.87574000000001,
      912.48635
    ],
    [
      170.92375,
      913.02216
    ],
    [
      170.38794000000001,
      962.85259
    ],
    [
      229.86298000000002,
      963.3883999999999
    ],
    [
      229.32716000000002,
      913.02216
    ],
    [
      244.32988000000003,
      913.02216
    ],
    [
      243.25825000000003,
      298.44678999999996
    ],
    [
      233.61365000000004,
      299.51840999999996
    ],
    [
      233.07784000000004,
      280.76501999999994
    ]
  ],
  "AU": [
    [
      428.11309,
      278.08598
    ],
    [
      321.48668,
      423.29079
    ],
    [
      316.66438,
      430.79215
    ],
    [
      311.84208,
      440.97256
    ],
    [
      308.62721,
      456.51108
    ],
    [
      309.16302,
      469.37055
    ],
    [
      310.77046,
      480.08677
    ],
    [
      315.59276,
      493.48205
    ],
    [
      322.5583,
      505.80571000000003
    ],
    [
      334.88196,
      518.12936
    ],
    [
      346.13399,
      525.63072
    ],
    [
      364.88738,
      535.27532
    ],
    [
      382.03334,
      542.24086
    ],
    [
      399.17929000000004,
      549.20641
    ],
    [
      413.11038,
      552.95709
    ],
    [
      444.72324000000003,
      560.45844
    ],
    [
      445.79486,
      564.20912
    ],
    [
      445.25905,
      581.3550799999999
    ],
    [
      536.88275,
      584.56994
    ],
    [
      536.88275,
      562.60169
    ],
    [
      539.026,
      559.38682
    ],
    [
      554.0287099999999,
      556.70777
    ],
    [
      573.31791,
      552.42128
    ],
    [
      593.14292,
      544.91992
    ],
    [
      616.71861,
      535.2753200000001
    ],
    [
      638.15106,
      524.0232900000001
    ],
    [
      653.15377,
      513.3070600000001
    ],
    [
      663.3341800000001,
      500.4476000000001
    ],
    [
      670.83554,
      482.76583000000005
    ],
    [
      672.97878,
      469.37055000000004
    ],
    [
      674.0504000000001,
      455.97527
    ],
    [
      669.7639100000001,
      440.43675
    ],
    [
      664.9416100000001,
      429.18472
    ],
    [
      657.4402600000001,
      418.46849000000003
    ],
    [
      555.6361400000001,
      277.55017000000004
    ]
  ],
  "RB": [
    [
      244.58844,
      594.26388
    ],
    [
      445.54427,
      594.87842
    ],
    [
      446.15880999999996,
      582.58754
    ],
    [
      540.79856,
      585.66026
    ],
    [
      542.6421899999999,
      631.75105
    ],
    [
      744.2125699999999,
      632.98014
    ],
    [
      744.82711,
      712.8708300000001
    ],
    [
      776.7833899999999,
      712.25629
    ],
    [
      777.39793,
      790.9179
    ],
    [
      744.2125699999999,
      790.30336
    ],
    [
      744.82711,
      865.2777
    ],
    [
      545.1003699999999,
      866.50679
    ],
    [
      546.3294599999999,
      905.83759
    ],
    [
      262.41020999999995,
      905.22305
    ],
    [
      258.10840999999994,
      900.9212399999999
    ],
    [
      258.7229499999999,
      875.1103999999999
    ],
    [
      245.81752999999992,
      875.1103999999999
    ]
  ],
  "RB-STACK": [
    [
      778.54646,
      716.85498
    ],
    [
      779.1633800000001,
      904.39708
    ],
    [
      887.7403800000001,
      904.39708
    ],
    [
      887.12346,
      716.23807
    ]
  ]
}